"filename", "language", "C#", "comment", "blank", "total"
"e:\UnityProjects\MouseQuest\Assets\_Scripts\ActionSlotsDisplay.cs", "C#", 23, 0, 5, 28
"e:\UnityProjects\MouseQuest\Assets\_Scripts\Atlas\AI\Pathfinding.cs", "C#", 88, 0, 17, 105
"e:\UnityProjects\MouseQuest\Assets\_Scripts\Atlas\Combat\BattleAnimation.cs", "C#", 7, 0, 2, 9
"e:\UnityProjects\MouseQuest\Assets\_Scripts\Atlas\Core\DatabaseSystem.cs", "C#", 52, 0, 10, 62
"e:\UnityProjects\MouseQuest\Assets\_Scripts\Atlas\Core\GameStateSystem.cs", "C#", 42, 1, 7, 50
"e:\UnityProjects\MouseQuest\Assets\_Scripts\Atlas\Core\Gamemaster.cs", "C#", 82, 1, 17, 100
"e:\UnityProjects\MouseQuest\Assets\_Scripts\Atlas\Core\IModel.cs", "C#", 6, 0, 3, 9
"e:\UnityProjects\MouseQuest\Assets\_Scripts\Atlas\Core\IPoolable.cs", "C#", 17, 0, 2, 19
"e:\UnityProjects\MouseQuest\Assets\_Scripts\Atlas\Core\ISystem.cs", "C#", 8, 0, 2, 10
"e:\UnityProjects\MouseQuest\Assets\_Scripts\Atlas\Core\PoolSystem.cs", "C#", 134, 2, 20, 156
"e:\UnityProjects\MouseQuest\Assets\_Scripts\Atlas\Core\ResourcesSystem.cs", "C#", 71, 2, 16, 89
"e:\UnityProjects\MouseQuest\Assets\_Scripts\Atlas\Core\SerializationSystem.cs", "C#", 60, 0, 12, 72
"e:\UnityProjects\MouseQuest\Assets\_Scripts\Atlas\Core\StagingSystem.cs", "C#", 29, 0, 5, 34
"e:\UnityProjects\MouseQuest\Assets\_Scripts\Atlas\Core\ViewAnimation.cs", "C#", 18, 0, 3, 21
"e:\UnityProjects\MouseQuest\Assets\_Scripts\Atlas\Core\ViewSystem.cs", "C#", 80, 0, 12, 92
"e:\UnityProjects\MouseQuest\Assets\_Scripts\Atlas\Database\AttributePrototype.cs", "C#", 11, 0, 1, 12
"e:\UnityProjects\MouseQuest\Assets\_Scripts\Atlas\Database\BattlePrototype.cs", "C#", 11, 0, 1, 12
"e:\UnityProjects\MouseQuest\Assets\_Scripts\Atlas\Database\BattlerStatePrototype.cs", "C#", 11, 0, 1, 12
"e:\UnityProjects\MouseQuest\Assets\_Scripts\Atlas\Database\Database.cs", "C#", 113, 1, 19, 133
"e:\UnityProjects\MouseQuest\Assets\_Scripts\Atlas\Database\EnemyPrototype.cs", "C#", 10, 0, 1, 11
"e:\UnityProjects\MouseQuest\Assets\_Scripts\Atlas\Database\ItemPrototype.cs", "C#", 11, 0, 1, 12
"e:\UnityProjects\MouseQuest\Assets\_Scripts\Atlas\Database\LootTablePrototype.cs", "C#", 11, 0, 1, 12
"e:\UnityProjects\MouseQuest\Assets\_Scripts\Atlas\Database\Models\ActionType.cs", "C#", 59, 1, 13, 73
"e:\UnityProjects\MouseQuest\Assets\_Scripts\Atlas\Database\Models\Attribute.cs", "C#", 30, 0, 5, 35
"e:\UnityProjects\MouseQuest\Assets\_Scripts\Atlas\Database\Models\Battle.cs", "C#", 11, 0, 1, 12
"e:\UnityProjects\MouseQuest\Assets\_Scripts\Atlas\Database\Models\BattlerState.cs", "C#", 83, 0, 18, 101
"e:\UnityProjects\MouseQuest\Assets\_Scripts\Atlas\Database\Models\Enemy.cs", "C#", 135, 3, 35, 173
"e:\UnityProjects\MouseQuest\Assets\_Scripts\Atlas\Database\Models\Item.cs", "C#", 97, 0, 27, 124
"e:\UnityProjects\MouseQuest\Assets\_Scripts\Atlas\Database\Models\LootTable.cs", "C#", 20, 0, 3, 23
"e:\UnityProjects\MouseQuest\Assets\_Scripts\Atlas\Database\Models\PlayerCharacter.cs", "C#", 85, 3, 20, 108
"e:\UnityProjects\MouseQuest\Assets\_Scripts\Atlas\Database\Models\Progression.cs", "C#", 23, 0, 1, 24
"e:\UnityProjects\MouseQuest\Assets\_Scripts\Atlas\Database\Models\Spell.cs", "C#", 71, 0, 18, 89
"e:\UnityProjects\MouseQuest\Assets\_Scripts\Atlas\Database\PlayerCharacterPrototype.cs", "C#", 10, 0, 1, 11
"e:\UnityProjects\MouseQuest\Assets\_Scripts\Atlas\Database\ProgressionPrototype.cs", "C#", 11, 0, 1, 12
"e:\UnityProjects\MouseQuest\Assets\_Scripts\Atlas\Database\SpellPrototype.cs", "C#", 11, 0, 1, 12
"e:\UnityProjects\MouseQuest\Assets\_Scripts\Atlas\Database\VariableAttributePrototype.cs", "C#", 9, 0, 3, 12
"e:\UnityProjects\MouseQuest\Assets\_Scripts\Atlas\Effects\EffectsSystem.cs", "C#", 182, 2, 39, 223
"e:\UnityProjects\MouseQuest\Assets\_Scripts\Atlas\Effects\IEffect.cs", "C#", 19, 0, 5, 24
"e:\UnityProjects\MouseQuest\Assets\_Scripts\Atlas\Effects\ParticleEffect.cs", "C#", 55, 1, 17, 73
"e:\UnityProjects\MouseQuest\Assets\_Scripts\Atlas\Effects\SoundEffectSource.cs", "C#", 78, 0, 24, 102
"e:\UnityProjects\MouseQuest\Assets\_Scripts\Atlas\Enums\EAttribute.cs", "C#", 13, 0, 0, 13
"e:\UnityProjects\MouseQuest\Assets\_Scripts\Atlas\Enums\EAttributeModifierSource.cs", "C#", 7, 0, 1, 8
"e:\UnityProjects\MouseQuest\Assets\_Scripts\Atlas\Enums\EElement.cs", "C#", 13, 0, 1, 14
"e:\UnityProjects\MouseQuest\Assets\_Scripts\Atlas\Enums\ETarget.cs", "C#", 7, 0, 2, 9
"e:\UnityProjects\MouseQuest\Assets\_Scripts\Atlas\FiniteStateMachine\IFiniteStateMachine.cs", "C#", 15, 0, 2, 17
"e:\UnityProjects\MouseQuest\Assets\_Scripts\Atlas\FiniteStateMachine\IFiniteStateMachineAdvanced.cs", "C#", 16, 0, 2, 18
"e:\UnityProjects\MouseQuest\Assets\_Scripts\Atlas\FiniteStateMachine\IState.cs", "C#", 12, 0, 1, 13
"e:\UnityProjects\MouseQuest\Assets\_Scripts\Atlas\FiniteStateMachine\IStateAdvanced.cs", "C#", 12, 0, 1, 13
"e:\UnityProjects\MouseQuest\Assets\_Scripts\Atlas\GameComponents.cs", "C#", 46, 3, 15, 64
"e:\UnityProjects\MouseQuest\Assets\_Scripts\Atlas\MapEditor\FloorMaker.cs", "C#", 22, 0, 4, 26
"e:\UnityProjects\MouseQuest\Assets\_Scripts\Atlas\MapEditor\MapAnchor.cs", "C#", 17, 0, 3, 20
"e:\UnityProjects\MouseQuest\Assets\_Scripts\Atlas\MapEditor\MapDefinition.cs", "C#", 229, 17, 49, 295
"e:\UnityProjects\MouseQuest\Assets\_Scripts\Atlas\MapEditor\MeshMergingTool.cs", "C#", 85, 6, 17, 108
"e:\UnityProjects\MouseQuest\Assets\_Scripts\Atlas\Map\MapSystem.cs", "C#", 132, 19, 29, 180
"e:\UnityProjects\MouseQuest\Assets\_Scripts\Atlas\Player\BattlePlayerState.cs", "C#", 22, 0, 5, 27
"e:\UnityProjects\MouseQuest\Assets\_Scripts\Atlas\Player\CameraSystem.cs", "C#", 69, 5, 11, 85
"e:\UnityProjects\MouseQuest\Assets\_Scripts\Atlas\Player\CookingPlayerState.cs", "C#", 26, 2, 6, 34
"e:\UnityProjects\MouseQuest\Assets\_Scripts\Atlas\Player\DialoguePlayerState.cs", "C#", 29, 0, 6, 35
"e:\UnityProjects\MouseQuest\Assets\_Scripts\Atlas\Player\GridController.cs", "C#", 12, 79, 22, 113
"e:\UnityProjects\MouseQuest\Assets\_Scripts\Atlas\Player\OverworldPlayerState.cs", "C#", 44, 3, 8, 55
"e:\UnityProjects\MouseQuest\Assets\_Scripts\Atlas\Player\Player Commands\CastSpellCommand.cs", "C#", 26, 2, 8, 36
"e:\UnityProjects\MouseQuest\Assets\_Scripts\Atlas\Player\Player Commands\ConsumeItemCommand.cs", "C#", 18, 13, 5, 36
"e:\UnityProjects\MouseQuest\Assets\_Scripts\Atlas\Player\Player Commands\PlayerCommand.cs", "C#", 16, 0, 4, 20
"e:\UnityProjects\MouseQuest\Assets\_Scripts\Atlas\Player\PlayerFSM.cs", "C#", 48, 0, 8, 56
"e:\UnityProjects\MouseQuest\Assets\_Scripts\Atlas\Player\PlayerState.cs", "C#", 25, 0, 7, 32
"e:\UnityProjects\MouseQuest\Assets\_Scripts\Atlas\Player\PlayerSystem.cs", "C#", 136, 3, 25, 164
"e:\UnityProjects\MouseQuest\Assets\_Scripts\Atlas\Player\ShopPlayerState.cs", "C#", 27, 1, 5, 33
"e:\UnityProjects\MouseQuest\Assets\_Scripts\Atlas\Player\Systems\AttributesSystem.cs", "C#", 107, 20, 32, 159
"e:\UnityProjects\MouseQuest\Assets\_Scripts\Atlas\Player\Systems\InventorySystem.cs", "C#", 170, 1, 41, 212
"e:\UnityProjects\MouseQuest\Assets\_Scripts\Atlas\Player\Systems\SpellSystem.cs", "C#", 77, 2, 21, 100
"e:\UnityProjects\MouseQuest\Assets\_Scripts\Atlas\Serialization\MapSerializeSystem.cs", "C#", 113, 9, 28, 150
"e:\UnityProjects\MouseQuest\Assets\_Scripts\Atlas\Systems\Battle\AtlasBattlePresenter.cs", "C#", 44, 0, 10, 54
"e:\UnityProjects\MouseQuest\Assets\_Scripts\Atlas\Systems\Battle\AtlasBattleSystem.cs", "C#", 441, 5, 115, 561
"e:\UnityProjects\MouseQuest\Assets\_Scripts\Atlas\Systems\Battle\AtlasBattleView.cs", "C#", 82, 0, 16, 98
"e:\UnityProjects\MouseQuest\Assets\_Scripts\Atlas\Systems\ProgressSystem.cs", "C#", 19, 4, 4, 27
"e:\UnityProjects\MouseQuest\Assets\_Scripts\Atlas\Systems\Rest\RestPresenter.cs", "C#", 23, 0, 4, 27
"e:\UnityProjects\MouseQuest\Assets\_Scripts\Atlas\Systems\Rest\RestSystem.cs", "C#", 59, 10, 14, 83
"e:\UnityProjects\MouseQuest\Assets\_Scripts\Atlas\Systems\Rest\RestView.cs", "C#", 40, 0, 10, 50
"e:\UnityProjects\MouseQuest\Assets\_Scripts\Atlas\Tile\AtlasTile.cs", "C#", 97, 0, 16, 113
"e:\UnityProjects\MouseQuest\Assets\_Scripts\Atlas\TitleScreenView.cs", "C#", 15, 0, 4, 19
"e:\UnityProjects\MouseQuest\Assets\_Scripts\Atlas\UI\AtlasUIKit.cs", "C#", 6, 0, 2, 8
"e:\UnityProjects\MouseQuest\Assets\_Scripts\Atlas\UI\BattlerStatesPanel.cs", "C#", 35, 0, 7, 42
"e:\UnityProjects\MouseQuest\Assets\_Scripts\Atlas\UI\HPSlider.cs", "C#", 23, 0, 4, 27
"e:\UnityProjects\MouseQuest\Assets\_Scripts\Atlas\UI\IPresenter.cs", "C#", 8, 0, 0, 8
"e:\UnityProjects\MouseQuest\Assets\_Scripts\Atlas\UI\IView.cs", "C#", 11, 0, 0, 11
"e:\UnityProjects\MouseQuest\Assets\_Scripts\Atlas\UI\LootCell.cs", "C#", 24, 0, 4, 28
"e:\UnityProjects\MouseQuest\Assets\_Scripts\Atlas\UI\LootPanel.cs", "C#", 8, 0, 3, 11
"e:\UnityProjects\MouseQuest\Assets\_Scripts\Atlas\UI\SpellCardCell.cs", "C#", 16, 0, 3, 19
"e:\UnityProjects\MouseQuest\Assets\_Scripts\Atlas\UI\SpellRewardPanel.cs", "C#", 16, 0, 3, 19
"e:\UnityProjects\MouseQuest\Assets\_Scripts\Atlas\UI\UIKit\AtlasList.cs", "C#", 61, 1, 14, 76
"e:\UnityProjects\MouseQuest\Assets\_Scripts\Atlas\UI\UIKit\Cell.cs", "C#", 31, 0, 7, 38
"e:\UnityProjects\MouseQuest\Assets\_Scripts\Atlas\UI\UIKit\ICell.cs", "C#", 14, 0, 3, 17
"e:\UnityProjects\MouseQuest\Assets\_Scripts\Atlas\Util\Config.cs", "C#", 106, 0, 17, 123
"e:\UnityProjects\MouseQuest\Assets\_Scripts\Atlas\Util\Depot.cs", "C#", 62, 0, 6, 68
"e:\UnityProjects\MouseQuest\Assets\_Scripts\Atlas\Util\DepotTool.cs", "C#", 122, 0, 14, 136
"e:\UnityProjects\MouseQuest\Assets\_Scripts\Atlas\Util\Formula.cs", "C#", 44, 10, 12, 66
"e:\UnityProjects\MouseQuest\Assets\_Scripts\Atlas\Util\Singleton.cs", "C#", 59, 0, 10, 69
"e:\UnityProjects\MouseQuest\Assets\_Scripts\Atlas\Util\Utility.cs", "C#", 69, 10, 14, 93
"e:\UnityProjects\MouseQuest\Assets\_Scripts\AttributesPanel.cs", "C#", 45, 0, 9, 54
"e:\UnityProjects\MouseQuest\Assets\_Scripts\CharacterCreatorSystem.cs", "C#", 14, 0, 2, 16
"e:\UnityProjects\MouseQuest\Assets\_Scripts\Combat\AI\EnemyMoveDecider.cs", "C#", 139, 2, 23, 164
"e:\UnityProjects\MouseQuest\Assets\_Scripts\Combat\Actions\Action.cs", "C#", 9, 0, 2, 11
"e:\UnityProjects\MouseQuest\Assets\_Scripts\Combat\Actions\ActionFactory.cs", "C#", 33, 0, 2, 35
"e:\UnityProjects\MouseQuest\Assets\_Scripts\Combat\Actions\ActionSystem.cs", "C#", 19, 38, 4, 61
"e:\UnityProjects\MouseQuest\Assets\_Scripts\Combat\Actions\AddModifierAction.cs", "C#", 42, 1, 6, 49
"e:\UnityProjects\MouseQuest\Assets\_Scripts\Combat\Actions\AddStateAction.cs", "C#", 31, 0, 4, 35
"e:\UnityProjects\MouseQuest\Assets\_Scripts\Combat\Actions\AttributeDeacreaseAction.cs", "C#", 35, 0, 5, 40
"e:\UnityProjects\MouseQuest\Assets\_Scripts\Combat\Actions\AttributeIncreaseAction.cs", "C#", 35, 0, 5, 40
"e:\UnityProjects\MouseQuest\Assets\_Scripts\Combat\Actions\ChangeAttackElementAction.cs", "C#", 33, 0, 4, 37
"e:\UnityProjects\MouseQuest\Assets\_Scripts\Combat\Actions\ChangeResistanceAction.cs", "C#", 34, 0, 5, 39
"e:\UnityProjects\MouseQuest\Assets\_Scripts\Combat\Actions\DamageAction.cs", "C#", 48, 1, 9, 58
"e:\UnityProjects\MouseQuest\Assets\_Scripts\Combat\Actions\HealAction.cs", "C#", 34, 0, 6, 40
"e:\UnityProjects\MouseQuest\Assets\_Scripts\Combat\Actions\MagicDamageAction.cs", "C#", 52, 2, 11, 65
"e:\UnityProjects\MouseQuest\Assets\_Scripts\Combat\Actions\RawDamageAction.cs", "C#", 45, 0, 9, 54
"e:\UnityProjects\MouseQuest\Assets\_Scripts\Combat\Actions\RemoveStateAction.cs", "C#", 50, 0, 7, 57
"e:\UnityProjects\MouseQuest\Assets\_Scripts\Combat\BattleCamera.cs", "C#", 18, 1, 3, 22
"e:\UnityProjects\MouseQuest\Assets\_Scripts\Combat\BattleCommands\AttackBattleCommand.cs", "C#", 48, 0, 13, 61
"e:\UnityProjects\MouseQuest\Assets\_Scripts\Combat\BattleCommands\AttributeChangeCommand.cs", "C#", 18, 0, 3, 21
"e:\UnityProjects\MouseQuest\Assets\_Scripts\Combat\BattleCommands\AttributeMaxChangeCommand.cs", "C#", 19, 1, 2, 22
"e:\UnityProjects\MouseQuest\Assets\_Scripts\Combat\BattleCommands\BattleCommand.cs", "C#", 32, 0, 7, 39
"e:\UnityProjects\MouseQuest\Assets\_Scripts\Combat\BattleCommands\CastSpellCommand.cs", "C#", 80, 1, 15, 96
"e:\UnityProjects\MouseQuest\Assets\_Scripts\Combat\BattleCommands\ConsumeItemCommand.cs", "C#", 44, 0, 9, 53
"e:\UnityProjects\MouseQuest\Assets\_Scripts\Combat\BattleCommands\FleeBattleCommand.cs", "C#", 14, 1, 3, 18
"e:\UnityProjects\MouseQuest\Assets\_Scripts\Combat\BattleCommands\HealBattleCommand.cs", "C#", 18, 0, 3, 21
"e:\UnityProjects\MouseQuest\Assets\_Scripts\Combat\BattleCommands\TransformationBattleCommand.cs", "C#", 18, 0, 3, 21
"e:\UnityProjects\MouseQuest\Assets\_Scripts\Combat\BattleEffectsAnchor.cs", "C#", 49, 0, 6, 55
"e:\UnityProjects\MouseQuest\Assets\_Scripts\Combat\BattleFSM\BattleFSM.cs", "C#", 51, 0, 8, 59
"e:\UnityProjects\MouseQuest\Assets\_Scripts\Combat\BattleFSM\BattleState.cs", "C#", 24, 0, 5, 29
"e:\UnityProjects\MouseQuest\Assets\_Scripts\Combat\BattleFSM\DeathBattleState.cs", "C#", 22, 1, 9, 32
"e:\UnityProjects\MouseQuest\Assets\_Scripts\Combat\BattleFSM\EndBattleState.cs", "C#", 21, 0, 8, 29
"e:\UnityProjects\MouseQuest\Assets\_Scripts\Combat\BattleFSM\EnemyTurnBattleState.cs", "C#", 35, 17, 9, 61
"e:\UnityProjects\MouseQuest\Assets\_Scripts\Combat\BattleFSM\ExecuteCommandsBattleState.cs", "C#", 32, 0, 6, 38
"e:\UnityProjects\MouseQuest\Assets\_Scripts\Combat\BattleFSM\LevelUpBattleState.cs", "C#", 22, 0, 7, 29
"e:\UnityProjects\MouseQuest\Assets\_Scripts\Combat\BattleFSM\LootBattleState.cs", "C#", 28, 1, 9, 38
"e:\UnityProjects\MouseQuest\Assets\_Scripts\Combat\BattleFSM\LostBattleState.cs", "C#", 20, 3, 9, 32
"e:\UnityProjects\MouseQuest\Assets\_Scripts\Combat\BattleFSM\PlayerTurnBattleState.cs", "C#", 37, 13, 9, 59
"e:\UnityProjects\MouseQuest\Assets\_Scripts\Combat\BattleFSM\StartBattleState.cs", "C#", 31, 0, 7, 38
"e:\UnityProjects\MouseQuest\Assets\_Scripts\Combat\BattleFSM\TargetBattleState.cs", "C#", 18, 0, 5, 23
"e:\UnityProjects\MouseQuest\Assets\_Scripts\Combat\BattleFSM\TurnEndBattleState.cs", "C#", 31, 2, 9, 42
"e:\UnityProjects\MouseQuest\Assets\_Scripts\Combat\BattleFSM\TurnStartBattleState.cs", "C#", 33, 0, 8, 41
"e:\UnityProjects\MouseQuest\Assets\_Scripts\Combat\BattleLog.cs", "C#", 21, 0, 4, 25
"e:\UnityProjects\MouseQuest\Assets\_Scripts\Combat\BattleSystem.cs", "C#", 299, 43, 79, 421
"e:\UnityProjects\MouseQuest\Assets\_Scripts\Combat\BattleUIEffectsCommands\AttackEffectCommand.cs", "C#", 15, 6, 4, 25
"e:\UnityProjects\MouseQuest\Assets\_Scripts\Combat\BattleUIEffectsCommands\BattleViewEffectCommand.cs", "C#", 22, 0, 5, 27
"e:\UnityProjects\MouseQuest\Assets\_Scripts\Combat\BattleUIEffectsCommands\CastSpellEffectCommand.cs", "C#", 16, 11, 5, 32
"e:\UnityProjects\MouseQuest\Assets\_Scripts\Combat\Battler\AttributesModel.cs", "C#", 426, 8, 81, 515
"e:\UnityProjects\MouseQuest\Assets\_Scripts\Combat\Battler\Battler.cs", "C#", 334, 2, 69, 405
"e:\UnityProjects\MouseQuest\Assets\_Scripts\Combat\Battler\EnemyBattler.cs", "C#", 74, 0, 19, 93
"e:\UnityProjects\MouseQuest\Assets\_Scripts\Combat\Battler\EquipmentModel.cs", "C#", 80, 0, 13, 93
"e:\UnityProjects\MouseQuest\Assets\_Scripts\Combat\Battler\Formulas.cs", "C#", 11, 0, 1, 12
"e:\UnityProjects\MouseQuest\Assets\_Scripts\Combat\Battler\HealthPotionModel.cs", "C#", 22, 0, 4, 26
"e:\UnityProjects\MouseQuest\Assets\_Scripts\Combat\Battler\InventoryModel.cs", "C#", 133, 25, 26, 184
"e:\UnityProjects\MouseQuest\Assets\_Scripts\Combat\Battler\LevelModel.cs", "C#", 34, 0, 6, 40
"e:\UnityProjects\MouseQuest\Assets\_Scripts\Combat\Battler\PlayerBattler.cs", "C#", 76, 11, 16, 103
"e:\UnityProjects\MouseQuest\Assets\_Scripts\Combat\Battler\SpellModel.cs", "C#", 91, 0, 17, 108
"e:\UnityProjects\MouseQuest\Assets\_Scripts\Combat\LogEntry.cs", "C#", 11, 0, 3, 14
"e:\UnityProjects\MouseQuest\Assets\_Scripts\Combat\TransitionsSystem.cs", "C#", 28, 0, 8, 36
"e:\UnityProjects\MouseQuest\Assets\_Scripts\ComponentsRoot.cs", "C#", 61, 0, 10, 71
"e:\UnityProjects\MouseQuest\Assets\_Scripts\ConfigSystem.cs", "C#", 6, 0, 2, 8
"e:\UnityProjects\MouseQuest\Assets\_Scripts\DevSystem.cs", "C#", 55, 2, 13, 70
"e:\UnityProjects\MouseQuest\Assets\_Scripts\GameCommands.cs", "C#", 18, 0, 4, 22
"e:\UnityProjects\MouseQuest\Assets\_Scripts\GameLoopSystem.cs", "C#", 15, 0, 3, 18
"e:\UnityProjects\MouseQuest\Assets\_Scripts\Grid\Floor\FloorSerializableObject.cs", "C#", 16, 0, 3, 19
"e:\UnityProjects\MouseQuest\Assets\_Scripts\Grid\GridPawn.cs", "C#", 50, 0, 11, 61
"e:\UnityProjects\MouseQuest\Assets\_Scripts\Grid\GridSystem.cs", "C#", 19, 35, 10, 64
"e:\UnityProjects\MouseQuest\Assets\_Scripts\Grid\IOverworldComponent.cs", "C#", 3, 0, 2, 5
"e:\UnityProjects\MouseQuest\Assets\_Scripts\Grid\LookAtCamera.cs", "C#", 23, 0, 4, 27
"e:\UnityProjects\MouseQuest\Assets\_Scripts\Grid\Trigger\BattleTrigger.cs", "C#", 29, 0, 10, 39
"e:\UnityProjects\MouseQuest\Assets\_Scripts\Grid\Trigger\ChestTrigger.cs", "C#", 38, 4, 7, 49
"e:\UnityProjects\MouseQuest\Assets\_Scripts\Grid\Trigger\CookingTrigger.cs", "C#", 27, 12, 7, 46
"e:\UnityProjects\MouseQuest\Assets\_Scripts\Grid\Trigger\DialogueTrigger.cs", "C#", 32, 21, 13, 66
"e:\UnityProjects\MouseQuest\Assets\_Scripts\Grid\Trigger\OverworldTrigger.cs", "C#", 48, 0, 13, 61
"e:\UnityProjects\MouseQuest\Assets\_Scripts\Grid\Trigger\Scriptable\BattleTriggerPrototype.cs", "C#", 10, 0, 3, 13
"e:\UnityProjects\MouseQuest\Assets\_Scripts\Grid\Trigger\ShopTrigger.cs", "C#", 32, 25, 14, 71
"e:\UnityProjects\MouseQuest\Assets\_Scripts\Grid\Trigger\TeleportTrigger.cs", "C#", 27, 0, 7, 34
"e:\UnityProjects\MouseQuest\Assets\_Scripts\InputReceiver.cs", "C#", 8, 0, 4, 12
"e:\UnityProjects\MouseQuest\Assets\_Scripts\ItemAddedRow.cs", "C#", 30, 0, 8, 38
"e:\UnityProjects\MouseQuest\Assets\_Scripts\MainMenuComponents.cs", "C#", 10, 5, 2, 17
"e:\UnityProjects\MouseQuest\Assets\_Scripts\MapEffect.cs", "C#", 39, 4, 8, 51
"e:\UnityProjects\MouseQuest\Assets\_Scripts\MapObjectEditor.cs", "C#", 14, 0, 2, 16
"e:\UnityProjects\MouseQuest\Assets\_Scripts\OverworldEnemyBehaviour.cs", "C#", 38, 1, 6, 45
"e:\UnityProjects\MouseQuest\Assets\_Scripts\ParticleImageEffect.cs", "C#", 57, 1, 19, 77
"e:\UnityProjects\MouseQuest\Assets\_Scripts\PlayerController.cs", "C#", 44, 5, 10, 59
"e:\UnityProjects\MouseQuest\Assets\_Scripts\Poolable.cs", "C#", 34, 0, 7, 41
"e:\UnityProjects\MouseQuest\Assets\_Scripts\SaveLoadSystem.cs", "C#", 51, 7, 15, 73
"e:\UnityProjects\MouseQuest\Assets\_Scripts\Serialize.cs", "C#", 55, 0, 10, 65
"e:\UnityProjects\MouseQuest\Assets\_Scripts\SpriteRendererAdditional.cs", "C#", 16, 8, 6, 30
"e:\UnityProjects\MouseQuest\Assets\_Scripts\TransitionView.cs", "C#", 18, 0, 4, 22
"e:\UnityProjects\MouseQuest\Assets\_Scripts\TurnOrderDisplay.cs", "C#", 38, 0, 7, 45
"e:\UnityProjects\MouseQuest\Assets\_Scripts\UI\Attributes\AttributePresenter.cs", "C#", 36, 0, 7, 43
"e:\UnityProjects\MouseQuest\Assets\_Scripts\UI\Attributes\AttributeRow.cs", "C#", 54, 0, 12, 66
"e:\UnityProjects\MouseQuest\Assets\_Scripts\UI\Attributes\AttributeView.cs", "C#", 77, 6, 16, 99
"e:\UnityProjects\MouseQuest\Assets\_Scripts\UI\Battle\BattlePresenter.cs", "C#", 160, 1, 39, 200
"e:\UnityProjects\MouseQuest\Assets\_Scripts\UI\Battle\BattleView.cs", "C#", 428, 87, 105, 620
"e:\UnityProjects\MouseQuest\Assets\_Scripts\UI\Battle\LootRow.cs", "C#", 41, 2, 10, 53
"e:\UnityProjects\MouseQuest\Assets\_Scripts\UI\ButtonAdditional.cs", "C#", 86, 0, 15, 101
"e:\UnityProjects\MouseQuest\Assets\_Scripts\UI\Cooking\CookingBenefitCell.cs", "C#", 25, 2, 6, 33
"e:\UnityProjects\MouseQuest\Assets\_Scripts\UI\Cooking\CookingComponentCell.cs", "C#", 34, 2, 10, 46
"e:\UnityProjects\MouseQuest\Assets\_Scripts\UI\Cooking\CookingPresenter.cs", "C#", 32, 0, 7, 39
"e:\UnityProjects\MouseQuest\Assets\_Scripts\UI\Cooking\CookingRecipeModel.cs", "C#", 59, 0, 11, 70
"e:\UnityProjects\MouseQuest\Assets\_Scripts\UI\Cooking\CookingSystem.cs", "C#", 95, 5, 29, 129
"e:\UnityProjects\MouseQuest\Assets\_Scripts\UI\Cooking\CookingView.cs", "C#", 77, 4, 14, 95
"e:\UnityProjects\MouseQuest\Assets\_Scripts\UI\Dev\DevItemRow.cs", "C#", 24, 1, 5, 30
"e:\UnityProjects\MouseQuest\Assets\_Scripts\UI\Dev\DevPresenter.cs", "C#", 37, 1, 8, 46
"e:\UnityProjects\MouseQuest\Assets\_Scripts\UI\Dev\DevView.cs", "C#", 77, 3, 14, 94
"e:\UnityProjects\MouseQuest\Assets\_Scripts\UI\Dialogue\DialoguePresenter.cs", "C#", 19, 0, 5, 24
"e:\UnityProjects\MouseQuest\Assets\_Scripts\UI\Dialogue\DialogueSystem.cs", "C#", 26, 13, 8, 47
"e:\UnityProjects\MouseQuest\Assets\_Scripts\UI\Dialogue\DialogueView.cs", "C#", 59, 2, 15, 76
"e:\UnityProjects\MouseQuest\Assets\_Scripts\UI\IViewAnimationHandler.cs", "C#", 8, 0, 1, 9
"e:\UnityProjects\MouseQuest\Assets\_Scripts\UI\Inventory\EquipmentCell.cs", "C#", 81, 12, 19, 112
"e:\UnityProjects\MouseQuest\Assets\_Scripts\UI\Inventory\InventoryCell.cs", "C#", 96, 1, 22, 119
"e:\UnityProjects\MouseQuest\Assets\_Scripts\UI\Inventory\InventoryPresenter.cs", "C#", 47, 2, 10, 59
"e:\UnityProjects\MouseQuest\Assets\_Scripts\UI\Inventory\InventoryView.cs", "C#", 109, 1, 20, 130
"e:\UnityProjects\MouseQuest\Assets\_Scripts\UI\LevelUpAttributeRow.cs", "C#", 33, 3, 7, 43
"e:\UnityProjects\MouseQuest\Assets\_Scripts\UI\Shop\ShopItemCell.cs", "C#", 40, 0, 9, 49
"e:\UnityProjects\MouseQuest\Assets\_Scripts\UI\Shop\ShopModel.cs", "C#", 56, 13, 13, 82
"e:\UnityProjects\MouseQuest\Assets\_Scripts\UI\Shop\ShopPresenter.cs", "C#", 36, 0, 9, 45
"e:\UnityProjects\MouseQuest\Assets\_Scripts\UI\Shop\ShopSystem.cs", "C#", 58, 4, 16, 78
"e:\UnityProjects\MouseQuest\Assets\_Scripts\UI\Shop\ShopView.cs", "C#", 50, 30, 13, 93
"e:\UnityProjects\MouseQuest\Assets\_Scripts\UI\SliderAdditional.cs", "C#", 38, 0, 9, 47
"e:\UnityProjects\MouseQuest\Assets\_Scripts\UI\Spell\SpellCell.cs", "C#", 49, 0, 11, 60
"e:\UnityProjects\MouseQuest\Assets\_Scripts\UI\Spell\SpellPresenter.cs", "C#", 40, 0, 10, 50
"e:\UnityProjects\MouseQuest\Assets\_Scripts\UI\Spell\SpellView.cs", "C#", 64, 0, 14, 78
"e:\UnityProjects\MouseQuest\Assets\_Scripts\UI\TransitionsPresenter.cs", "C#", 23, 0, 5, 28
"e:\UnityProjects\MouseQuest\Assets\_Scripts\UI\TransitionsView.cs", "C#", 55, 1, 18, 74
"e:\UnityProjects\MouseQuest\Assets\_Scripts\UI\UILabel.cs", "C#", 44, 0, 11, 55
"Total", "-", 11498, 759, 2520, 14777